{
    "pokemon": {
        "Articuno": {
            "encounters": 8,
            "phase_encounters": 8,
            "phase_lowest_sv": 19241,
            "shiny_average": "-",
            "shiny_encounters": 0,
            "total_lowest_sv": 19241
        },
        "Charmander": {
            "encounters": 307,
            "phase_encounters": 307,
            "phase_lowest_sv": 62,
            "shiny_average": "-",
            "shiny_encounters": 0,
            "total_lowest_sv": 62
        },
        "Ditto": {
            "encounters": 5,
            "phase_encounters": 5,
            "phase_lowest_sv": 12186,
            "shiny_average": "-",
            "shiny_encounters": 0,
            "total_lowest_sv": 12186
        },
        "Golbat": {
            "encounters": 8,
            "phase_encounters": 8,
            "phase_lowest_sv": 3043,
            "shiny_average": "-",
            "shiny_encounters": 0,
            "total_lowest_sv": 3043
        },
        "Gyarados": {
            "encounters": 2,
            "phase_encounters": 2,
            "phase_lowest_sv": 17159,
            "shiny_average": "-",
            "shiny_encounters": 0,
            "total_lowest_sv": 17159
        },
        "Horsea": {
            "encounters": 1,
            "phase_encounters": 1,
            "phase_lowest_sv": 48946,
            "shiny_average": "-",
            "shiny_encounters": 0,
            "total_lowest_sv": 48946
        },
        "Kadabra": {
            "encounters": 6,
            "phase_encounters": 6,
            "phase_lowest_sv": 22806,
            "shiny_average": "-",
            "shiny_encounters": 0,
            "total_lowest_sv": 22806
        },
        "Machoke": {
            "encounters": 3,
            "phase_encounters": 3,
            "phase_lowest_sv": 20769,
            "shiny_average": "-",
            "shiny_encounters": 0,
            "total_lowest_sv": 20769
        },
        "Magneton": {
            "encounters": 3,
            "phase_encounters": 3,
            "phase_lowest_sv": 34804,
            "shiny_average": "-",
            "shiny_encounters": 0,
            "total_lowest_sv": 34804
        },
        "Mewtwo": {
            "encounters": 9,
            "phase_encounters": 9,
            "phase_lowest_sv": 1014,
            "shiny_average": "-",
            "shiny_encounters": 0,
            "total_lowest_sv": 1014
        },
        "None": {
            "encounters": 3,
            "phase_encounters": 3,
            "phase_lowest_sv": 65535,
            "shiny_average": "-",
            "shiny_encounters": 0,
            "total_lowest_sv": 65535
        },
        "Parasect": {
            "encounters": 2,
            "phase_encounters": 2,
            "phase_lowest_sv": 30549,
            "shiny_average": "-",
            "shiny_encounters": 0,
            "total_lowest_sv": 30549
        },
        "Pidgey": {
            "encounters": 34,
            "phase_encounters": 34,
            "phase_lowest_sv": 621,
            "shiny_average": "-",
            "shiny_encounters": 0,
            "total_lowest_sv": 621
        },
        "Psyduck": {
            "encounters": 1,
            "phase_encounters": 1,
            "phase_lowest_sv": 6427,
            "shiny_average": "-",
            "shiny_encounters": 0,
            "total_lowest_sv": 6427
        },
        "Rattata": {
            "encounters": 30,
            "phase_encounters": 30,
            "phase_lowest_sv": 2299,
            "shiny_average": "-",
            "shiny_encounters": 0,
            "total_lowest_sv": 2299
        },
        "Seadra": {
            "encounters": 1,
            "phase_encounters": 1,
            "phase_lowest_sv": 62507,
            "shiny_average": "-",
            "shiny_encounters": 0,
            "total_lowest_sv": 62507
        },
        "Seel": {
            "encounters": 7,
            "phase_encounters": 7,
            "phase_lowest_sv": 22022,
            "shiny_average": "-",
            "shiny_encounters": 0,
            "total_lowest_sv": 22022
        },
        "Squirtle": {
            "encounters": 12,
            "phase_encounters": 12,
            "phase_lowest_sv": 7819,
            "shiny_average": "-",
            "shiny_encounters": 0,
            "total_lowest_sv": 7819
        }
    },
    "totals": {
        "encounters": 442,
        "longest_phase_encounters": 442,
        "phase_encounters": 442,
        "phase_lowest_sv": 62,
        "phase_lowest_sv_pokemon": "Charmander",
        "shiny_average": "-",
        "shiny_encounters": 0,
        "shortest_phase_encounters": "-"
    }
}