{
    "type": "object",
    "properties": {
        "altAbility": { "type": "number" },
        "artistRibbon": { "type": "number" },
        "attack": { "type": "number" },
        "attackEV": { "type": "number" },
        "attackIV": { "type": "number" },
        "beauty": { "type": "number" },
        "beautyRibbon": { "type": "number" },
        "championRibbon": { "type": "number" },
        "cool": { "type": "number" },
        "coolRibbon": { "type": "number" },
        "countryRibbon": { "type": "number" },
        "cute": { "type": "number" },
        "cuteRibbon": { "type": "number" },
        "defense": { "type": "number" },
        "defenseEV": { "type": "number" },
        "defenseIV": { "type": "number" },
        "earthRibbon": { "type": "number" },
        "effortRibbon": { "type": "number" },
        "eventLegal": { "type": "number" },
        "experience": { "type": "number" },
        "friendship": { "type": "number" },
        "hasSpecies": { "type": "number" },
        "heldItem": { "type": "number" },
        "hp": { "type": "number" },
        "hpEV": { "type": "number" },
        "hpIV": { "type": "number" },
        "isBadEgg": { "type": "number" },
        "isEgg": { "type": "number" },
        "landRibbon": { "type": "number" },
        "language": { "type": "number" },
        "level": { "type": "number" },
        "magicWord": { "type": "number" },
        "mail": { "type": "number" },
        "marineRibbon": { "type": "number" },
        "markings": { "type": "number" },
        "maxHP": { "type": "number" },
        "metGame": { "type": "number" },
        "metLevel": { "type": "number" },
        "metLocation": { "type": "number" },
        "moves": { "type": "array", "maxItems": 4 },
        "name": { "type": "string" },
        "otGender": { "type": "number" },
        "otId": { "type": "number" },
        "personality": { "type": "number" },
        "pokeball": { "type": "number" },
        "pokerus": { "type": "number" },
        "pp": { "type": "array", "maxItems": 4 },
        "ppBonuses": { "type": "number" },
        "sheen": { "type": "number" },
        "shiny": { "type": "number" },
        "skyRibbon": { "type": "number" },
        "smart": { "type": "number" },
        "smartRibbon": { "type": "number" },
        "spAttack": { "type": "number" },
        "spAttackEV": { "type": "number" },
        "spAttackIV": { "type": "number" },
        "spDefense": { "type": "number" },
        "spDefenseEV": { "type": "number" },
        "spDefenseIV": { "type": "number" },
        "species": { "type": "number" },
        "speed": { "type": "number" },
        "speedEV": { "type": "number" },
        "speedIV": { "type": "number" },
        "status": { "type": "number" },
        "tough": { "type": "number" },
        "toughRibbon": { "type": "number" },
        "victoryRibbon": { "type": "number" },
        "winningRibbon": { "type": "number" },
        "worldRibbon": { "type": "number" }
    }
}